rank,uid,title,year,venue,url,problem_claimed,actual_mechanism,hidden_assumptions,variables_treated_as_fixed,failure_modes_ignored,what_it_makes_less_novel,what_it_leaves_open
1,doi:10.20517/ir.2026.06,Model predictive tracking control based on adaptive sliding mode constraints for unmanned underwater vehicles,2026,Intelligence & Robotics,https://doi.org/10.20517/ir.2026.06,Addresses robot morphology and learning or a neighboring robotics mechanism.,"Prior work usually predicts, ranks, filters, or imitates observed behavior rather than preserving unrealized branches.",The observed outcome is enough to supervise the model.,"Contact mode support, embodiment limits, and deployment perturbations.","Branch collapse, hidden-mode shift, and tail-risk planning failures.",Generic world models and generic uncertainty are crowded.,Failure predictive morphology keeps action-critical alternatives explicit until a physical observation collapses them.
2,doi:10.1109/lra.2021.3067847,"MPC-MPNet: Model-Predictive Motion Planning Networks for Fast, Near-Optimal Planning Under Kinodynamic Constraints",2021,IEEE Robotics and Automation Letters,https://doi.org/10.1109/lra.2021.3067847,Addresses robot morphology and learning or a neighboring robotics mechanism.,"Prior work usually predicts, ranks, filters, or imitates observed behavior rather than preserving unrealized branches.",The observed outcome is enough to supervise the model.,"Contact mode support, embodiment limits, and deployment perturbations.","Branch collapse, hidden-mode shift, and tail-risk planning failures.",Generic world models and generic uncertainty are crowded.,Failure predictive morphology keeps action-critical alternatives explicit until a physical observation collapses them.
3,doi:10.1115/1.4028084,Stochastic Model Predictive Control for Guided Projectiles Under Impact Area Constraints,2015,"Journal of Dynamic Systems, Measurement, and Control",https://doi.org/10.1115/1.4028084,Addresses robot morphology and learning or a neighboring robotics mechanism.,"Prior work usually predicts, ranks, filters, or imitates observed behavior rather than preserving unrealized branches.",The observed outcome is enough to supervise the model.,"Contact mode support, embodiment limits, and deployment perturbations.","Branch collapse, hidden-mode shift, and tail-risk planning failures.",Generic world models and generic uncertainty are crowded.,Failure predictive morphology keeps action-critical alternatives explicit until a physical observation collapses them.
4,doi:10.3390/s22249861,Multi-Parameter Predictive Model of Mobile Robot’s Battery Discharge for Intelligent Mission Planning in Multi-Robot Systems,2022,Sensors,https://doi.org/10.3390/s22249861,Addresses robot morphology and learning or a neighboring robotics mechanism.,"Prior work usually predicts, ranks, filters, or imitates observed behavior rather than preserving unrealized branches.",The observed outcome is enough to supervise the model.,"Contact mode support, embodiment limits, and deployment perturbations.","Branch collapse, hidden-mode shift, and tail-risk planning failures.",Generic world models and generic uncertainty are crowded.,Failure predictive morphology keeps action-critical alternatives explicit until a physical observation collapses them.
5,doi:10.1002/oca.3126,Application of a stabilizing model predictive controller to path following for a car‐like agricultural robot,2024,Optimal Control Applications and Methods,https://doi.org/10.1002/oca.3126,Addresses robot morphology and learning or a neighboring robotics mechanism.,"Prior work usually predicts, ranks, filters, or imitates observed behavior rather than preserving unrealized branches.",The observed outcome is enough to supervise the model.,"Contact mode support, embodiment limits, and deployment perturbations.","Branch collapse, hidden-mode shift, and tail-risk planning failures.",Generic world models and generic uncertainty are crowded.,Failure predictive morphology keeps action-critical alternatives explicit until a physical observation collapses them.
6,arxiv:2603.12510v3,Red-Teaming Vision-Language-Action Models via Quality Diversity Prompt Generation for Robust Robot Policies,2026,arXiv,http://arxiv.org/abs/2603.12510v3,Addresses robot morphology and learning or a neighboring robotics mechanism.,"Prior work usually predicts, ranks, filters, or imitates observed behavior rather than preserving unrealized branches.",The observed outcome is enough to supervise the model.,"Contact mode support, embodiment limits, and deployment perturbations.","Branch collapse, hidden-mode shift, and tail-risk planning failures.",Generic world models and generic uncertainty are crowded.,Failure predictive morphology keeps action-critical alternatives explicit until a physical observation collapses them.
7,doi:10.31763/ijrcs.v5i6.2113,Motorcycle Adaptive Cruise Control Using Model Predictive Control with Integrated Sensor Fusion,2026,International Journal of Robotics and Control Systems,https://doi.org/10.31763/ijrcs.v5i6.2113,Addresses robot morphology and learning or a neighboring robotics mechanism.,"Prior work usually predicts, ranks, filters, or imitates observed behavior rather than preserving unrealized branches.",The observed outcome is enough to supervise the model.,"Contact mode support, embodiment limits, and deployment perturbations.","Branch collapse, hidden-mode shift, and tail-risk planning failures.",Generic world models and generic uncertainty are crowded.,Failure predictive morphology keeps action-critical alternatives explicit until a physical observation collapses them.
8,doi:10.2514/1.g009534,Reinforcement-Learning-Enhanced Model Predictive Control with Application to Autonomous Planetary Landing,2026,"Journal of Guidance, Control, and Dynamics",https://doi.org/10.2514/1.g009534,Addresses robot morphology and learning or a neighboring robotics mechanism.,"Prior work usually predicts, ranks, filters, or imitates observed behavior rather than preserving unrealized branches.",The observed outcome is enough to supervise the model.,"Contact mode support, embodiment limits, and deployment perturbations.","Branch collapse, hidden-mode shift, and tail-risk planning failures.",Generic world models and generic uncertainty are crowded.,Failure predictive morphology keeps action-critical alternatives explicit until a physical observation collapses them.
9,arxiv:1705.02152v1,Shrinking Horizon Model Predictive Control with Signal Temporal Logic Constraints under Stochastic Disturbances,2017,arXiv,http://arxiv.org/abs/1705.02152v1,Addresses robot morphology and learning or a neighboring robotics mechanism.,"Prior work usually predicts, ranks, filters, or imitates observed behavior rather than preserving unrealized branches.",The observed outcome is enough to supervise the model.,"Contact mode support, embodiment limits, and deployment perturbations.","Branch collapse, hidden-mode shift, and tail-risk planning failures.",Generic world models and generic uncertainty are crowded.,Failure predictive morphology keeps action-critical alternatives explicit until a physical observation collapses them.
10,doi:10.1007/s10846-024-02060-z,Optimal Transport and Model Predictive Control-based Simultaneous Task Assignment and Trajectory Planning for Unmanned System Swarm,2024,Journal of Intelligent & Robotic Systems,https://doi.org/10.1007/s10846-024-02060-z,Addresses robot morphology and learning or a neighboring robotics mechanism.,"Prior work usually predicts, ranks, filters, or imitates observed behavior rather than preserving unrealized branches.",The observed outcome is enough to supervise the model.,"Contact mode support, embodiment limits, and deployment perturbations.","Branch collapse, hidden-mode shift, and tail-risk planning failures.",Generic world models and generic uncertainty are crowded.,Failure predictive morphology keeps action-critical alternatives explicit until a physical observation collapses them.
11,doi:10.3390/app10228106,Improved Model Predictive-Based Underwater Trajectory Tracking Control for the Biomimetic Spherical Robot under Constraints,2020,Applied Sciences,https://doi.org/10.3390/app10228106,Addresses robot morphology and learning or a neighboring robotics mechanism.,"Prior work usually predicts, ranks, filters, or imitates observed behavior rather than preserving unrealized branches.",The observed outcome is enough to supervise the model.,"Contact mode support, embodiment limits, and deployment perturbations.","Branch collapse, hidden-mode shift, and tail-risk planning failures.",Generic world models and generic uncertainty are crowded.,Failure predictive morphology keeps action-critical alternatives explicit until a physical observation collapses them.
12,doi:10.46338/ijetae1121_04,Path Planning for Autonomous Driving of Mobile Robots using Deep Neural Network based Model Predictive Control,2021,International Journal of Emerging Technology and Advanced Engineering,https://doi.org/10.46338/ijetae1121_04,Addresses robot morphology and learning or a neighboring robotics mechanism.,"Prior work usually predicts, ranks, filters, or imitates observed behavior rather than preserving unrealized branches.",The observed outcome is enough to supervise the model.,"Contact mode support, embodiment limits, and deployment perturbations.","Branch collapse, hidden-mode shift, and tail-risk planning failures.",Generic world models and generic uncertainty are crowded.,Failure predictive morphology keeps action-critical alternatives explicit until a physical observation collapses them.
13,arxiv:2503.06060v1,STAR: A Foundation Model-driven Framework for Robust Task Planning and Failure Recovery in Robotic Systems,2025,arXiv,http://arxiv.org/abs/2503.06060v1,Addresses robot morphology and learning or a neighboring robotics mechanism.,"Prior work usually predicts, ranks, filters, or imitates observed behavior rather than preserving unrealized branches.",The observed outcome is enough to supervise the model.,"Contact mode support, embodiment limits, and deployment perturbations.","Branch collapse, hidden-mode shift, and tail-risk planning failures.",Generic world models and generic uncertainty are crowded.,Failure predictive morphology keeps action-critical alternatives explicit until a physical observation collapses them.
14,doi:10.3390/en14102915,Shipboard Power Management for Failure Mode Using the Hybrid MPC Approach,2021,Energies,https://doi.org/10.3390/en14102915,Addresses robot morphology and learning or a neighboring robotics mechanism.,"Prior work usually predicts, ranks, filters, or imitates observed behavior rather than preserving unrealized branches.",The observed outcome is enough to supervise the model.,"Contact mode support, embodiment limits, and deployment perturbations.","Branch collapse, hidden-mode shift, and tail-risk planning failures.",Generic world models and generic uncertainty are crowded.,Failure predictive morphology keeps action-critical alternatives explicit until a physical observation collapses them.
15,doi:10.1142/s2972335325500073,STAR: A Foundation Model-Driven Framework for Robust Task Planning and Failure Recovery in Robotic Systems,2025,International Journal of Artificial Intelligence and Robotics Research,https://doi.org/10.1142/s2972335325500073,Addresses robot morphology and learning or a neighboring robotics mechanism.,"Prior work usually predicts, ranks, filters, or imitates observed behavior rather than preserving unrealized branches.",The observed outcome is enough to supervise the model.,"Contact mode support, embodiment limits, and deployment perturbations.","Branch collapse, hidden-mode shift, and tail-risk planning failures.",Generic world models and generic uncertainty are crowded.,Failure predictive morphology keeps action-critical alternatives explicit until a physical observation collapses them.
16,arxiv:2410.20542v2,PaPaGei: Open Foundation Models for Optical Physiological Signals,2024,arXiv,http://arxiv.org/abs/2410.20542v2,Addresses robot morphology and learning or a neighboring robotics mechanism.,"Prior work usually predicts, ranks, filters, or imitates observed behavior rather than preserving unrealized branches.",The observed outcome is enough to supervise the model.,"Contact mode support, embodiment limits, and deployment perturbations.","Branch collapse, hidden-mode shift, and tail-risk planning failures.",Generic world models and generic uncertainty are crowded.,Failure predictive morphology keeps action-critical alternatives explicit until a physical observation collapses them.
17,doi:10.1049/iet-cta.2017.0395,Trajectory tracking for wheeled mobile robots via model predictive control with softening constraints,2017,IET Control Theory and Applications,https://doi.org/10.1049/iet-cta.2017.0395,Addresses robot morphology and learning or a neighboring robotics mechanism.,"Prior work usually predicts, ranks, filters, or imitates observed behavior rather than preserving unrealized branches.",The observed outcome is enough to supervise the model.,"Contact mode support, embodiment limits, and deployment perturbations.","Branch collapse, hidden-mode shift, and tail-risk planning failures.",Generic world models and generic uncertainty are crowded.,Failure predictive morphology keeps action-critical alternatives explicit until a physical observation collapses them.
18,doi:10.1002/oca.2581,Engine idle speed control using nonlinear multiparametric model predictive control,2020,Optimal Control Applications and Methods,https://doi.org/10.1002/oca.2581,Addresses robot morphology and learning or a neighboring robotics mechanism.,"Prior work usually predicts, ranks, filters, or imitates observed behavior rather than preserving unrealized branches.",The observed outcome is enough to supervise the model.,"Contact mode support, embodiment limits, and deployment perturbations.","Branch collapse, hidden-mode shift, and tail-risk planning failures.",Generic world models and generic uncertainty are crowded.,Failure predictive morphology keeps action-critical alternatives explicit until a physical observation collapses them.
19,doi:10.3390/en15145131,Model-Free Predictive Control and Its Applications,2022,Energies,https://doi.org/10.3390/en15145131,Addresses robot morphology and learning or a neighboring robotics mechanism.,"Prior work usually predicts, ranks, filters, or imitates observed behavior rather than preserving unrealized branches.",The observed outcome is enough to supervise the model.,"Contact mode support, embodiment limits, and deployment perturbations.","Branch collapse, hidden-mode shift, and tail-risk planning failures.",Generic world models and generic uncertainty are crowded.,Failure predictive morphology keeps action-critical alternatives explicit until a physical observation collapses them.
20,arxiv:2601.07821v1,Failure-Aware RL: Reliable Offline-to-Online Reinforcement Learning with Self-Recovery for Real-World Manipulation,2026,arXiv,http://arxiv.org/abs/2601.07821v1,Addresses robot morphology and learning or a neighboring robotics mechanism.,"Prior work usually predicts, ranks, filters, or imitates observed behavior rather than preserving unrealized branches.",The observed outcome is enough to supervise the model.,"Contact mode support, embodiment limits, and deployment perturbations.","Branch collapse, hidden-mode shift, and tail-risk planning failures.",Generic world models and generic uncertainty are crowded.,Failure predictive morphology keeps action-critical alternatives explicit until a physical observation collapses them.
21,doi:10.1109/icarcv.2014.7064441,Model predictive control of nonlinear input-affine systems with feasibility and stability constraints,2014,2014 13th International Conference on Control Automation Robotics & Vision (ICARCV),https://doi.org/10.1109/icarcv.2014.7064441,Addresses robot morphology and learning or a neighboring robotics mechanism.,"Prior work usually predicts, ranks, filters, or imitates observed behavior rather than preserving unrealized branches.",The observed outcome is enough to supervise the model.,"Contact mode support, embodiment limits, and deployment perturbations.","Branch collapse, hidden-mode shift, and tail-risk planning failures.",Generic world models and generic uncertainty are crowded.,Failure predictive morphology keeps action-critical alternatives explicit until a physical observation collapses them.
22,doi:10.53297/18293328-2024.1-46,MODEL PREDICTIVE CONTROL OF EXOSKELETON JOINT ANGLES,2024,"Proceedings of National Polytechnic University of Armenia. ELECTRICAL ENGINEERING, ENERGETICS",https://doi.org/10.53297/18293328-2024.1-46,Addresses robot morphology and learning or a neighboring robotics mechanism.,"Prior work usually predicts, ranks, filters, or imitates observed behavior rather than preserving unrealized branches.",The observed outcome is enough to supervise the model.,"Contact mode support, embodiment limits, and deployment perturbations.","Branch collapse, hidden-mode shift, and tail-risk planning failures.",Generic world models and generic uncertainty are crowded.,Failure predictive morphology keeps action-critical alternatives explicit until a physical observation collapses them.
23,doi:10.1049/iet-cta.2017.0265,Model predictive control of hypersonic vehicles accommodating constraints,2017,IET Control Theory & Applications,https://doi.org/10.1049/iet-cta.2017.0265,Addresses robot morphology and learning or a neighboring robotics mechanism.,"Prior work usually predicts, ranks, filters, or imitates observed behavior rather than preserving unrealized branches.",The observed outcome is enough to supervise the model.,"Contact mode support, embodiment limits, and deployment perturbations.","Branch collapse, hidden-mode shift, and tail-risk planning failures.",Generic world models and generic uncertainty are crowded.,Failure predictive morphology keeps action-critical alternatives explicit until a physical observation collapses them.
24,arxiv:2407.08065v1,Towards Interpretable Foundation Models of Robot Behavior: A Task Specific Policy Generation Approach,2024,arXiv,http://arxiv.org/abs/2407.08065v1,Addresses robot morphology and learning or a neighboring robotics mechanism.,"Prior work usually predicts, ranks, filters, or imitates observed behavior rather than preserving unrealized branches.",The observed outcome is enough to supervise the model.,"Contact mode support, embodiment limits, and deployment perturbations.","Branch collapse, hidden-mode shift, and tail-risk planning failures.",Generic world models and generic uncertainty are crowded.,Failure predictive morphology keeps action-critical alternatives explicit until a physical observation collapses them.
25,doi:10.1108/ir-01-2022-0028,Improved A* algorithm and model predictive control- based path planning and tracking framework for hexapod robots,2023,Industrial Robot: the international journal of robotics research and application,https://doi.org/10.1108/ir-01-2022-0028,Addresses robot morphology and learning or a neighboring robotics mechanism.,"Prior work usually predicts, ranks, filters, or imitates observed behavior rather than preserving unrealized branches.",The observed outcome is enough to supervise the model.,"Contact mode support, embodiment limits, and deployment perturbations.","Branch collapse, hidden-mode shift, and tail-risk planning failures.",Generic world models and generic uncertainty are crowded.,Failure predictive morphology keeps action-critical alternatives explicit until a physical observation collapses them.
26,doi:10.1002/rnc.6582,Dual‐mode robust model predictive control for the tracking control of nonholonomic mobile robot,2023,International Journal of Robust and Nonlinear Control,https://doi.org/10.1002/rnc.6582,Addresses robot morphology and learning or a neighboring robotics mechanism.,"Prior work usually predicts, ranks, filters, or imitates observed behavior rather than preserving unrealized branches.",The observed outcome is enough to supervise the model.,"Contact mode support, embodiment limits, and deployment perturbations.","Branch collapse, hidden-mode shift, and tail-risk planning failures.",Generic world models and generic uncertainty are crowded.,Failure predictive morphology keeps action-critical alternatives explicit until a physical observation collapses them.
27,arxiv:2605.19209v1,Graph Neural Planning and Predictive Control for Multi-Robot Communication-Constrained Unlabeled Motion Planning,2026,arXiv,http://arxiv.org/abs/2605.19209v1,Addresses robot morphology and learning or a neighboring robotics mechanism.,"Prior work usually predicts, ranks, filters, or imitates observed behavior rather than preserving unrealized branches.",The observed outcome is enough to supervise the model.,"Contact mode support, embodiment limits, and deployment perturbations.","Branch collapse, hidden-mode shift, and tail-risk planning failures.",Generic world models and generic uncertainty are crowded.,Failure predictive morphology keeps action-critical alternatives explicit until a physical observation collapses them.
28,doi:10.1002/oca.2569,Regularized economic model predictive control with barrier functions,2020,Optimal Control Applications and Methods,https://doi.org/10.1002/oca.2569,Addresses robot morphology and learning or a neighboring robotics mechanism.,"Prior work usually predicts, ranks, filters, or imitates observed behavior rather than preserving unrealized branches.",The observed outcome is enough to supervise the model.,"Contact mode support, embodiment limits, and deployment perturbations.","Branch collapse, hidden-mode shift, and tail-risk planning failures.",Generic world models and generic uncertainty are crowded.,Failure predictive morphology keeps action-critical alternatives explicit until a physical observation collapses them.
29,doi:10.5194/ms-15-55-2024,A novel generalized sliding mode controller for uncertain robot manipulators based on motion constraints,2024,Mechanical Sciences,https://doi.org/10.5194/ms-15-55-2024,Addresses robot morphology and learning or a neighboring robotics mechanism.,"Prior work usually predicts, ranks, filters, or imitates observed behavior rather than preserving unrealized branches.",The observed outcome is enough to supervise the model.,"Contact mode support, embodiment limits, and deployment perturbations.","Branch collapse, hidden-mode shift, and tail-risk planning failures.",Generic world models and generic uncertainty are crowded.,Failure predictive morphology keeps action-critical alternatives explicit until a physical observation collapses them.
30,doi:10.1177/08927790251364230,"Development and Validation of the Diameter and Sinus Score, a Novel Model to Predict Trifecta Failure for Robot-Assisted Partial Nephrectomy: A Multicenter Retrospective Study",2025,Journal of Endourology,https://doi.org/10.1177/08927790251364230,Addresses robot morphology and learning or a neighboring robotics mechanism.,"Prior work usually predicts, ranks, filters, or imitates observed behavior rather than preserving unrealized branches.",The observed outcome is enough to supervise the model.,"Contact mode support, embodiment limits, and deployment perturbations.","Branch collapse, hidden-mode shift, and tail-risk planning failures.",Generic world models and generic uncertainty are crowded.,Failure predictive morphology keeps action-critical alternatives explicit until a physical observation collapses them.
31,arxiv:2203.15107v1,Motion Planning for Agile Legged Locomotion using Failure Margin Constraints,2022,arXiv,http://arxiv.org/abs/2203.15107v1,Addresses robot morphology and learning or a neighboring robotics mechanism.,"Prior work usually predicts, ranks, filters, or imitates observed behavior rather than preserving unrealized branches.",The observed outcome is enough to supervise the model.,"Contact mode support, embodiment limits, and deployment perturbations.","Branch collapse, hidden-mode shift, and tail-risk planning failures.",Generic world models and generic uncertainty are crowded.,Failure predictive morphology keeps action-critical alternatives explicit until a physical observation collapses them.
32,doi:10.1115/1.4053026,Robust Nonlinear Model Predictive Control With Model Predictive Sliding Mode for Continuous-Time Systems,2022,"Journal of Dynamic Systems, Measurement, and Control",https://doi.org/10.1115/1.4053026,Addresses robot morphology and learning or a neighboring robotics mechanism.,"Prior work usually predicts, ranks, filters, or imitates observed behavior rather than preserving unrealized branches.",The observed outcome is enough to supervise the model.,"Contact mode support, embodiment limits, and deployment perturbations.","Branch collapse, hidden-mode shift, and tail-risk planning failures.",Generic world models and generic uncertainty are crowded.,Failure predictive morphology keeps action-critical alternatives explicit until a physical observation collapses them.
33,doi:10.1007/s10846-021-01501-3,MP-RRT#: a Model Predictive Sampling-based Motion Planning Algorithm for Unmanned Aircraft Systems,2021,Journal of Intelligent & Robotic Systems,https://doi.org/10.1007/s10846-021-01501-3,Addresses robot morphology and learning or a neighboring robotics mechanism.,"Prior work usually predicts, ranks, filters, or imitates observed behavior rather than preserving unrealized branches.",The observed outcome is enough to supervise the model.,"Contact mode support, embodiment limits, and deployment perturbations.","Branch collapse, hidden-mode shift, and tail-risk planning failures.",Generic world models and generic uncertainty are crowded.,Failure predictive morphology keeps action-critical alternatives explicit until a physical observation collapses them.
34,doi:10.3390/app10051635,Adaptive Cruise Control Based on Model Predictive Control with Constraints Softening,2020,Applied Sciences,https://doi.org/10.3390/app10051635,Addresses robot morphology and learning or a neighboring robotics mechanism.,"Prior work usually predicts, ranks, filters, or imitates observed behavior rather than preserving unrealized branches.",The observed outcome is enough to supervise the model.,"Contact mode support, embodiment limits, and deployment perturbations.","Branch collapse, hidden-mode shift, and tail-risk planning failures.",Generic world models and generic uncertainty are crowded.,Failure predictive morphology keeps action-critical alternatives explicit until a physical observation collapses them.
35,doi:10.1109/tie.2020.3026289,Robust Tracking Model Predictive Control With Quadratic Robustness Constraint for Mobile Robots With Incremental Input Constraints,2020,IEEE Transactions on Industrial Electronics,https://doi.org/10.1109/tie.2020.3026289,Addresses robot morphology and learning or a neighboring robotics mechanism.,"Prior work usually predicts, ranks, filters, or imitates observed behavior rather than preserving unrealized branches.",The observed outcome is enough to supervise the model.,"Contact mode support, embodiment limits, and deployment perturbations.","Branch collapse, hidden-mode shift, and tail-risk planning failures.",Generic world models and generic uncertainty are crowded.,Failure predictive morphology keeps action-critical alternatives explicit until a physical observation collapses them.
36,doi:10.63808/ihf.v2i1.268,Human-Robot Collaborative Path Planning with Predictive Obstacle Avoidance,2026,Intelligent & Human Futures,https://doi.org/10.63808/ihf.v2i1.268,Addresses robot morphology and learning or a neighboring robotics mechanism.,"Prior work usually predicts, ranks, filters, or imitates observed behavior rather than preserving unrealized branches.",The observed outcome is enough to supervise the model.,"Contact mode support, embodiment limits, and deployment perturbations.","Branch collapse, hidden-mode shift, and tail-risk planning failures.",Generic world models and generic uncertainty are crowded.,Failure predictive morphology keeps action-critical alternatives explicit until a physical observation collapses them.
37,doi:10.3390/math9161912,Statistical Machine Learning in Model Predictive Control of Nonlinear Processes,2021,Mathematics,https://doi.org/10.3390/math9161912,Addresses robot morphology and learning or a neighboring robotics mechanism.,"Prior work usually predicts, ranks, filters, or imitates observed behavior rather than preserving unrealized branches.",The observed outcome is enough to supervise the model.,"Contact mode support, embodiment limits, and deployment perturbations.","Branch collapse, hidden-mode shift, and tail-risk planning failures.",Generic world models and generic uncertainty are crowded.,Failure predictive morphology keeps action-critical alternatives explicit until a physical observation collapses them.
38,doi:10.2166/hydro.2025.300,Stochastic model predictive control of an irrigation canal with integrated performance-driven path planning of a measurement robot,2025,Journal of Hydroinformatics,https://doi.org/10.2166/hydro.2025.300,Addresses robot morphology and learning or a neighboring robotics mechanism.,"Prior work usually predicts, ranks, filters, or imitates observed behavior rather than preserving unrealized branches.",The observed outcome is enough to supervise the model.,"Contact mode support, embodiment limits, and deployment perturbations.","Branch collapse, hidden-mode shift, and tail-risk planning failures.",Generic world models and generic uncertainty are crowded.,Failure predictive morphology keeps action-critical alternatives explicit until a physical observation collapses them.
39,doi:10.3389/frobt.2024.1225297,Enabling robustness to failure with modular field robots,2024,Frontiers in Robotics and AI,https://doi.org/10.3389/frobt.2024.1225297,Addresses robot morphology and learning or a neighboring robotics mechanism.,"Prior work usually predicts, ranks, filters, or imitates observed behavior rather than preserving unrealized branches.",The observed outcome is enough to supervise the model.,"Contact mode support, embodiment limits, and deployment perturbations.","Branch collapse, hidden-mode shift, and tail-risk planning failures.",Generic world models and generic uncertainty are crowded.,Failure predictive morphology keeps action-critical alternatives explicit until a physical observation collapses them.
40,doi:10.3390/jmse14100902,Fuzzy Neural Broad Learning System: Data-Driven Model Predictive Control for Shipboard Boarding Systems,2026,Journal of Marine Science and Engineering,https://doi.org/10.3390/jmse14100902,Addresses robot morphology and learning or a neighboring robotics mechanism.,"Prior work usually predicts, ranks, filters, or imitates observed behavior rather than preserving unrealized branches.",The observed outcome is enough to supervise the model.,"Contact mode support, embodiment limits, and deployment perturbations.","Branch collapse, hidden-mode shift, and tail-risk planning failures.",Generic world models and generic uncertainty are crowded.,Failure predictive morphology keeps action-critical alternatives explicit until a physical observation collapses them.
41,arxiv:2404.05635v2,Semi-Infinite Programs for Robust Control and Optimization: Efficient Solutions and Extensions to Existence Constraints,2024,arXiv,http://arxiv.org/abs/2404.05635v2,Addresses robot morphology and learning or a neighboring robotics mechanism.,"Prior work usually predicts, ranks, filters, or imitates observed behavior rather than preserving unrealized branches.",The observed outcome is enough to supervise the model.,"Contact mode support, embodiment limits, and deployment perturbations.","Branch collapse, hidden-mode shift, and tail-risk planning failures.",Generic world models and generic uncertainty are crowded.,Failure predictive morphology keeps action-critical alternatives explicit until a physical observation collapses them.
42,doi:10.3389/fdgth.2026.1730457,Designing and evaluating large language model-enabled clinical decision support for heart failure: a modular and risk-tiered framework,2026,Frontiers in Digital Health,https://doi.org/10.3389/fdgth.2026.1730457,Addresses robot morphology and learning or a neighboring robotics mechanism.,"Prior work usually predicts, ranks, filters, or imitates observed behavior rather than preserving unrealized branches.",The observed outcome is enough to supervise the model.,"Contact mode support, embodiment limits, and deployment perturbations.","Branch collapse, hidden-mode shift, and tail-risk planning failures.",Generic world models and generic uncertainty are crowded.,Failure predictive morphology keeps action-critical alternatives explicit until a physical observation collapses them.
43,doi:10.1115/1.4070027,Sampling-Based Planning and Predictive Control for Energy Management of a Shipboard Integrated Power System With High Ramp Rate Load,2026,"Journal of Dynamic Systems, Measurement, and Control",https://doi.org/10.1115/1.4070027,Addresses robot morphology and learning or a neighboring robotics mechanism.,"Prior work usually predicts, ranks, filters, or imitates observed behavior rather than preserving unrealized branches.",The observed outcome is enough to supervise the model.,"Contact mode support, embodiment limits, and deployment perturbations.","Branch collapse, hidden-mode shift, and tail-risk planning failures.",Generic world models and generic uncertainty are crowded.,Failure predictive morphology keeps action-critical alternatives explicit until a physical observation collapses them.
44,doi:10.1115/1.1798071,Analysis of Active Joint Failure in Parallel Robot Manipulators,2004,Journal of Mechanical Design,https://doi.org/10.1115/1.1798071,Addresses robot morphology and learning or a neighboring robotics mechanism.,"Prior work usually predicts, ranks, filters, or imitates observed behavior rather than preserving unrealized branches.",The observed outcome is enough to supervise the model.,"Contact mode support, embodiment limits, and deployment perturbations.","Branch collapse, hidden-mode shift, and tail-risk planning failures.",Generic world models and generic uncertainty are crowded.,Failure predictive morphology keeps action-critical alternatives explicit until a physical observation collapses them.
45,doi:10.4271/2019-01-1289,Use of Machine Learning for Real-Time Non-Linear Model Predictive Engine Control,2019,SAE Technical Paper Series,https://doi.org/10.4271/2019-01-1289,Addresses robot morphology and learning or a neighboring robotics mechanism.,"Prior work usually predicts, ranks, filters, or imitates observed behavior rather than preserving unrealized branches.",The observed outcome is enough to supervise the model.,"Contact mode support, embodiment limits, and deployment perturbations.","Branch collapse, hidden-mode shift, and tail-risk planning failures.",Generic world models and generic uncertainty are crowded.,Failure predictive morphology keeps action-critical alternatives explicit until a physical observation collapses them.
46,doi:10.1161/circheartfailure.116.003146,Multistate Model to Predict Heart Failure Hospitalizations and All-Cause Mortality in Outpatients With Heart Failure With Reduced Ejection Fraction,2016,Circulation: Heart Failure,https://doi.org/10.1161/circheartfailure.116.003146,Addresses robot morphology and learning or a neighboring robotics mechanism.,"Prior work usually predicts, ranks, filters, or imitates observed behavior rather than preserving unrealized branches.",The observed outcome is enough to supervise the model.,"Contact mode support, embodiment limits, and deployment perturbations.","Branch collapse, hidden-mode shift, and tail-risk planning failures.",Generic world models and generic uncertainty are crowded.,Failure predictive morphology keeps action-critical alternatives explicit until a physical observation collapses them.
47,doi:10.1007/s11768-023-00174-7,Sliding mode-based adaptive tube model predictive control for robotic manipulators with model uncertainty and state constraints,2023,Control Theory and Technology,https://doi.org/10.1007/s11768-023-00174-7,Addresses robot morphology and learning or a neighboring robotics mechanism.,"Prior work usually predicts, ranks, filters, or imitates observed behavior rather than preserving unrealized branches.",The observed outcome is enough to supervise the model.,"Contact mode support, embodiment limits, and deployment perturbations.","Branch collapse, hidden-mode shift, and tail-risk planning failures.",Generic world models and generic uncertainty are crowded.,Failure predictive morphology keeps action-critical alternatives explicit until a physical observation collapses them.
48,doi:10.1109/icarcv.2014.7064517,Model-based predictive control of wheeled omni-directional robots considering nonlinear dynamical constraints and input delay,2014,2014 13th International Conference on Control Automation Robotics & Vision (ICARCV),https://doi.org/10.1109/icarcv.2014.7064517,Addresses robot morphology and learning or a neighboring robotics mechanism.,"Prior work usually predicts, ranks, filters, or imitates observed behavior rather than preserving unrealized branches.",The observed outcome is enough to supervise the model.,"Contact mode support, embodiment limits, and deployment perturbations.","Branch collapse, hidden-mode shift, and tail-risk planning failures.",Generic world models and generic uncertainty are crowded.,Failure predictive morphology keeps action-critical alternatives explicit until a physical observation collapses them.
49,doi:10.1108/ir-11-2017-0200,Energy-optimal motion planning of a biped pole-climbing robot with kinodynamic constraints,2018,Industrial Robot: An International Journal,https://doi.org/10.1108/ir-11-2017-0200,Addresses robot morphology and learning or a neighboring robotics mechanism.,"Prior work usually predicts, ranks, filters, or imitates observed behavior rather than preserving unrealized branches.",The observed outcome is enough to supervise the model.,"Contact mode support, embodiment limits, and deployment perturbations.","Branch collapse, hidden-mode shift, and tail-risk planning failures.",Generic world models and generic uncertainty are crowded.,Failure predictive morphology keeps action-critical alternatives explicit until a physical observation collapses them.
50,doi:10.3389/fcteg.2023.1185502,A process-model-free method for model predictive control via a reference model-based proportional-integral-derivative controller with application to a thermal power plant,2023,Frontiers in Control Engineering,https://doi.org/10.3389/fcteg.2023.1185502,Addresses robot morphology and learning or a neighboring robotics mechanism.,"Prior work usually predicts, ranks, filters, or imitates observed behavior rather than preserving unrealized branches.",The observed outcome is enough to supervise the model.,"Contact mode support, embodiment limits, and deployment perturbations.","Branch collapse, hidden-mode shift, and tail-risk planning failures.",Generic world models and generic uncertainty are crowded.,Failure predictive morphology keeps action-critical alternatives explicit until a physical observation collapses them.
51,doi:10.3390/en13010234,Direct Torque Control of PMSM with Modified Finite Set Model Predictive Control,2020,Energies,https://doi.org/10.3390/en13010234,Addresses robot morphology and learning or a neighboring robotics mechanism.,"Prior work usually predicts, ranks, filters, or imitates observed behavior rather than preserving unrealized branches.",The observed outcome is enough to supervise the model.,"Contact mode support, embodiment limits, and deployment perturbations.","Branch collapse, hidden-mode shift, and tail-risk planning failures.",Generic world models and generic uncertainty are crowded.,Failure predictive morphology keeps action-critical alternatives explicit until a physical observation collapses them.
52,doi:10.1049/gtd2.12994,Load frequency control strategy for islanded multimicrogrids with V2G dependent on learning‐based model predictive control,2023,"IET Generation, Transmission & Distribution",https://doi.org/10.1049/gtd2.12994,Addresses robot morphology and learning or a neighboring robotics mechanism.,"Prior work usually predicts, ranks, filters, or imitates observed behavior rather than preserving unrealized branches.",The observed outcome is enough to supervise the model.,"Contact mode support, embodiment limits, and deployment perturbations.","Branch collapse, hidden-mode shift, and tail-risk planning failures.",Generic world models and generic uncertainty are crowded.,Failure predictive morphology keeps action-critical alternatives explicit until a physical observation collapses them.
53,doi:10.1007/bf00294728,Organ‐specific support in multiple organ failure: Pulmonary support,1995,World Journal of Surgery,https://doi.org/10.1007/bf00294728,Addresses robot morphology and learning or a neighboring robotics mechanism.,"Prior work usually predicts, ranks, filters, or imitates observed behavior rather than preserving unrealized branches.",The observed outcome is enough to supervise the model.,"Contact mode support, embodiment limits, and deployment perturbations.","Branch collapse, hidden-mode shift, and tail-risk planning failures.",Generic world models and generic uncertainty are crowded.,Failure predictive morphology keeps action-critical alternatives explicit until a physical observation collapses them.
54,doi:10.1115/detc2015-47790,Application of Model Predictive Control to Position and Height Limitation of a Quadrotor Unmanned Aerial Vehicle,2015,Volume 9: 2015 ASME/IEEE International Conference on Mechatronic and Embedded Systems and Applications,https://doi.org/10.1115/detc2015-47790,Addresses robot morphology and learning or a neighboring robotics mechanism.,"Prior work usually predicts, ranks, filters, or imitates observed behavior rather than preserving unrealized branches.",The observed outcome is enough to supervise the model.,"Contact mode support, embodiment limits, and deployment perturbations.","Branch collapse, hidden-mode shift, and tail-risk planning failures.",Generic world models and generic uncertainty are crowded.,Failure predictive morphology keeps action-critical alternatives explicit until a physical observation collapses them.
55,doi:10.3389/frobt.2021.785925,Mediating Between Contact Feasibility and Robustness of Trajectory Optimization Through Chance Complementarity Constraints,2022,Frontiers in Robotics and AI,https://doi.org/10.3389/frobt.2021.785925,Addresses robot morphology and learning or a neighboring robotics mechanism.,"Prior work usually predicts, ranks, filters, or imitates observed behavior rather than preserving unrealized branches.",The observed outcome is enough to supervise the model.,"Contact mode support, embodiment limits, and deployment perturbations.","Branch collapse, hidden-mode shift, and tail-risk planning failures.",Generic world models and generic uncertainty are crowded.,Failure predictive morphology keeps action-critical alternatives explicit until a physical observation collapses them.
56,doi:10.1109/access.2022.3215654,Ship Collision Avoidance and Anti Grounding Using Parallelized Cost Evaluation in Probabilistic Scenario-Based Model Predictive Control,2022,IEEE Access,https://doi.org/10.1109/access.2022.3215654,Addresses robot morphology and learning or a neighboring robotics mechanism.,"Prior work usually predicts, ranks, filters, or imitates observed behavior rather than preserving unrealized branches.",The observed outcome is enough to supervise the model.,"Contact mode support, embodiment limits, and deployment perturbations.","Branch collapse, hidden-mode shift, and tail-risk planning failures.",Generic world models and generic uncertainty are crowded.,Failure predictive morphology keeps action-critical alternatives explicit until a physical observation collapses them.
57,doi:10.1002/ehf2.14918,Deep Learning for Predicting Rehospitalization in Acute Heart Failure: Model Foundation and External Validation,2024,ESC Heart Failure,https://doi.org/10.1002/ehf2.14918,Addresses robot morphology and learning or a neighboring robotics mechanism.,"Prior work usually predicts, ranks, filters, or imitates observed behavior rather than preserving unrealized branches.",The observed outcome is enough to supervise the model.,"Contact mode support, embodiment limits, and deployment perturbations.","Branch collapse, hidden-mode shift, and tail-risk planning failures.",Generic world models and generic uncertainty are crowded.,Failure predictive morphology keeps action-critical alternatives explicit until a physical observation collapses them.
58,doi:10.1142/s2301385027500270,A Distributed Learning Model Predictive Control Scheme for Linear Systems with Coupled Constraints and Communication Noise,2025,Unmanned Systems,https://doi.org/10.1142/s2301385027500270,Addresses robot morphology and learning or a neighboring robotics mechanism.,"Prior work usually predicts, ranks, filters, or imitates observed behavior rather than preserving unrealized branches.",The observed outcome is enough to supervise the model.,"Contact mode support, embodiment limits, and deployment perturbations.","Branch collapse, hidden-mode shift, and tail-risk planning failures.",Generic world models and generic uncertainty are crowded.,Failure predictive morphology keeps action-critical alternatives explicit until a physical observation collapses them.
59,doi:10.1068/b240573,"Success, Failure, and Conformance: An Alternative Approach to Planning Evaluation",1997,Environment and Planning B: Planning and Design,https://doi.org/10.1068/b240573,Addresses robot morphology and learning or a neighboring robotics mechanism.,"Prior work usually predicts, ranks, filters, or imitates observed behavior rather than preserving unrealized branches.",The observed outcome is enough to supervise the model.,"Contact mode support, embodiment limits, and deployment perturbations.","Branch collapse, hidden-mode shift, and tail-risk planning failures.",Generic world models and generic uncertainty are crowded.,Failure predictive morphology keeps action-critical alternatives explicit until a physical observation collapses them.
60,doi:10.22149/teee.v2i2.96,Model predictive Controller for Mobile Robot,2017,Transactions on Environment and Electrical Engineering,https://doi.org/10.22149/teee.v2i2.96,Addresses robot morphology and learning or a neighboring robotics mechanism.,"Prior work usually predicts, ranks, filters, or imitates observed behavior rather than preserving unrealized branches.",The observed outcome is enough to supervise the model.,"Contact mode support, embodiment limits, and deployment perturbations.","Branch collapse, hidden-mode shift, and tail-risk planning failures.",Generic world models and generic uncertainty are crowded.,Failure predictive morphology keeps action-critical alternatives explicit until a physical observation collapses them.
61,arxiv:2605.12674v1,Revealing Interpretable Failure Modes of VLMs,2026,arXiv,http://arxiv.org/abs/2605.12674v1,Addresses robot morphology and learning or a neighboring robotics mechanism.,"Prior work usually predicts, ranks, filters, or imitates observed behavior rather than preserving unrealized branches.",The observed outcome is enough to supervise the model.,"Contact mode support, embodiment limits, and deployment perturbations.","Branch collapse, hidden-mode shift, and tail-risk planning failures.",Generic world models and generic uncertainty are crowded.,Failure predictive morphology keeps action-critical alternatives explicit until a physical observation collapses them.
62,doi:10.1002/rnc.6338,Online learning stochastic model predictive control of linear uncertain systems,2022,International Journal of Robust and Nonlinear Control,https://doi.org/10.1002/rnc.6338,Addresses robot morphology and learning or a neighboring robotics mechanism.,"Prior work usually predicts, ranks, filters, or imitates observed behavior rather than preserving unrealized branches.",The observed outcome is enough to supervise the model.,"Contact mode support, embodiment limits, and deployment perturbations.","Branch collapse, hidden-mode shift, and tail-risk planning failures.",Generic world models and generic uncertainty are crowded.,Failure predictive morphology keeps action-critical alternatives explicit until a physical observation collapses them.
63,doi:10.1109/tii.2018.2874182,Model Predictive Tracking Control of Nonholonomic Mobile Robots With Coupled Input Constraints and Unknown Dynamics,2018,IEEE Transactions on Industrial Informatics,https://doi.org/10.1109/tii.2018.2874182,Addresses robot morphology and learning or a neighboring robotics mechanism.,"Prior work usually predicts, ranks, filters, or imitates observed behavior rather than preserving unrealized branches.",The observed outcome is enough to supervise the model.,"Contact mode support, embodiment limits, and deployment perturbations.","Branch collapse, hidden-mode shift, and tail-risk planning failures.",Generic world models and generic uncertainty are crowded.,Failure predictive morphology keeps action-critical alternatives explicit until a physical observation collapses them.
64,doi:10.3390/app12031682,Multi-Robot Robust Motion Planning based on Model Predictive Priority Contouring Control with Double-Layer Corridors,2022,Applied Sciences,https://doi.org/10.3390/app12031682,Addresses robot morphology and learning or a neighboring robotics mechanism.,"Prior work usually predicts, ranks, filters, or imitates observed behavior rather than preserving unrealized branches.",The observed outcome is enough to supervise the model.,"Contact mode support, embodiment limits, and deployment perturbations.","Branch collapse, hidden-mode shift, and tail-risk planning failures.",Generic world models and generic uncertainty are crowded.,Failure predictive morphology keeps action-critical alternatives explicit until a physical observation collapses them.
65,doi:10.1111/sifp.12085,Global Contraceptive Failure Rates: Who Is Most at Risk?,2019,Studies in Family Planning,https://doi.org/10.1111/sifp.12085,Addresses robot morphology and learning or a neighboring robotics mechanism.,"Prior work usually predicts, ranks, filters, or imitates observed behavior rather than preserving unrealized branches.",The observed outcome is enough to supervise the model.,"Contact mode support, embodiment limits, and deployment perturbations.","Branch collapse, hidden-mode shift, and tail-risk planning failures.",Generic world models and generic uncertainty are crowded.,Failure predictive morphology keeps action-critical alternatives explicit until a physical observation collapses them.
66,doi:10.1007/s10741-024-10471-1,Sacubitril/valsartan in a wide spectrum of heart failure patients (from mechanisms of action to outcomes in specific populations),2025,Heart Failure Reviews,https://doi.org/10.1007/s10741-024-10471-1,Addresses robot morphology and learning or a neighboring robotics mechanism.,"Prior work usually predicts, ranks, filters, or imitates observed behavior rather than preserving unrealized branches.",The observed outcome is enough to supervise the model.,"Contact mode support, embodiment limits, and deployment perturbations.","Branch collapse, hidden-mode shift, and tail-risk planning failures.",Generic world models and generic uncertainty are crowded.,Failure predictive morphology keeps action-critical alternatives explicit until a physical observation collapses them.
67,doi:10.1167/13.9.490,Action-specific predictive coding of object states,2013,Journal of Vision,https://doi.org/10.1167/13.9.490,Addresses robot morphology and learning or a neighboring robotics mechanism.,"Prior work usually predicts, ranks, filters, or imitates observed behavior rather than preserving unrealized branches.",The observed outcome is enough to supervise the model.,"Contact mode support, embodiment limits, and deployment perturbations.","Branch collapse, hidden-mode shift, and tail-risk planning failures.",Generic world models and generic uncertainty are crowded.,Failure predictive morphology keeps action-critical alternatives explicit until a physical observation collapses them.
68,doi:10.15607/rss.2025.xxi.073,Can We Detect Failures Without Failure Data? Uncertainty-Aware Runtime Failure Detection for Imitation Learning Policies,2025,,https://doi.org/10.15607/rss.2025.xxi.073,Addresses robot morphology and learning or a neighboring robotics mechanism.,"Prior work usually predicts, ranks, filters, or imitates observed behavior rather than preserving unrealized branches.",The observed outcome is enough to supervise the model.,"Contact mode support, embodiment limits, and deployment perturbations.","Branch collapse, hidden-mode shift, and tail-risk planning failures.",Generic world models and generic uncertainty are crowded.,Failure predictive morphology keeps action-critical alternatives explicit until a physical observation collapses them.
69,doi:10.1002/oca.3298,Dynamic Obstacle Avoidance of UAV Using Chance Constrained Model Predictive Control,2025,Optimal Control Applications and Methods,https://doi.org/10.1002/oca.3298,Addresses robot morphology and learning or a neighboring robotics mechanism.,"Prior work usually predicts, ranks, filters, or imitates observed behavior rather than preserving unrealized branches.",The observed outcome is enough to supervise the model.,"Contact mode support, embodiment limits, and deployment perturbations.","Branch collapse, hidden-mode shift, and tail-risk planning failures.",Generic world models and generic uncertainty are crowded.,Failure predictive morphology keeps action-critical alternatives explicit until a physical observation collapses them.
70,doi:10.3390/systems11070348,Failure Mode and Effect Analysis with a Fuzzy Logic Approach,2023,Systems,https://doi.org/10.3390/systems11070348,Addresses robot morphology and learning or a neighboring robotics mechanism.,"Prior work usually predicts, ranks, filters, or imitates observed behavior rather than preserving unrealized branches.",The observed outcome is enough to supervise the model.,"Contact mode support, embodiment limits, and deployment perturbations.","Branch collapse, hidden-mode shift, and tail-risk planning failures.",Generic world models and generic uncertainty are crowded.,Failure predictive morphology keeps action-critical alternatives explicit until a physical observation collapses them.
71,doi:10.3390/aerospace9090498,Model Predictive Control-Based Attitude Control of Under-Actuated Spacecraft Using Solar Radiation Pressure,2022,Aerospace,https://doi.org/10.3390/aerospace9090498,Addresses robot morphology and learning or a neighboring robotics mechanism.,"Prior work usually predicts, ranks, filters, or imitates observed behavior rather than preserving unrealized branches.",The observed outcome is enough to supervise the model.,"Contact mode support, embodiment limits, and deployment perturbations.","Branch collapse, hidden-mode shift, and tail-risk planning failures.",Generic world models and generic uncertainty are crowded.,Failure predictive morphology keeps action-critical alternatives explicit until a physical observation collapses them.
72,doi:10.4240/wjgs.v16.i4.1087,Construction of a predictive model for acute liver failure after hepatectomy based on neutrophil-to-lymphocyte ratio and albumin-bilirubin score,2024,World Journal of Gastrointestinal Surgery,https://doi.org/10.4240/wjgs.v16.i4.1087,Addresses robot morphology and learning or a neighboring robotics mechanism.,"Prior work usually predicts, ranks, filters, or imitates observed behavior rather than preserving unrealized branches.",The observed outcome is enough to supervise the model.,"Contact mode support, embodiment limits, and deployment perturbations.","Branch collapse, hidden-mode shift, and tail-risk planning failures.",Generic world models and generic uncertainty are crowded.,Failure predictive morphology keeps action-critical alternatives explicit until a physical observation collapses them.
73,doi:10.1109/tro.2022.3228390,BiConMP: A Nonlinear Model Predictive Control Framework for Whole Body Motion Planning,2023,IEEE Transactions on Robotics,https://doi.org/10.1109/tro.2022.3228390,Addresses robot morphology and learning or a neighboring robotics mechanism.,"Prior work usually predicts, ranks, filters, or imitates observed behavior rather than preserving unrealized branches.",The observed outcome is enough to supervise the model.,"Contact mode support, embodiment limits, and deployment perturbations.","Branch collapse, hidden-mode shift, and tail-risk planning failures.",Generic world models and generic uncertainty are crowded.,Failure predictive morphology keeps action-critical alternatives explicit until a physical observation collapses them.
74,doi:10.1161/circulationaha.106.687103,Prediction of Mode of Death in Heart Failure,2007,Circulation,https://doi.org/10.1161/circulationaha.106.687103,Addresses robot morphology and learning or a neighboring robotics mechanism.,"Prior work usually predicts, ranks, filters, or imitates observed behavior rather than preserving unrealized branches.",The observed outcome is enough to supervise the model.,"Contact mode support, embodiment limits, and deployment perturbations.","Branch collapse, hidden-mode shift, and tail-risk planning failures.",Generic world models and generic uncertainty are crowded.,Failure predictive morphology keeps action-critical alternatives explicit until a physical observation collapses them.
75,doi:10.3390/s23052818,Leveraging Active Learning for Failure Mode Acquisition,2023,Sensors,https://doi.org/10.3390/s23052818,Addresses robot morphology and learning or a neighboring robotics mechanism.,"Prior work usually predicts, ranks, filters, or imitates observed behavior rather than preserving unrealized branches.",The observed outcome is enough to supervise the model.,"Contact mode support, embodiment limits, and deployment perturbations.","Branch collapse, hidden-mode shift, and tail-risk planning failures.",Generic world models and generic uncertainty are crowded.,Failure predictive morphology keeps action-critical alternatives explicit until a physical observation collapses them.
76,doi:10.1016/j.compchemeng.2021.107612,Data-driven predictive corrosion failure model for maintenance planning of process systems,2022,Computers & Chemical Engineering,https://doi.org/10.1016/j.compchemeng.2021.107612,Addresses robot morphology and learning or a neighboring robotics mechanism.,"Prior work usually predicts, ranks, filters, or imitates observed behavior rather than preserving unrealized branches.",The observed outcome is enough to supervise the model.,"Contact mode support, embodiment limits, and deployment perturbations.","Branch collapse, hidden-mode shift, and tail-risk planning failures.",Generic world models and generic uncertainty are crowded.,Failure predictive morphology keeps action-critical alternatives explicit until a physical observation collapses them.
77,doi:10.20517/ir.2024.19,Distributed model predictive control for unmanned aerial vehicles and vehicle platoon systems: a review,2024,Intelligence & Robotics,https://doi.org/10.20517/ir.2024.19,Addresses robot morphology and learning or a neighboring robotics mechanism.,"Prior work usually predicts, ranks, filters, or imitates observed behavior rather than preserving unrealized branches.",The observed outcome is enough to supervise the model.,"Contact mode support, embodiment limits, and deployment perturbations.","Branch collapse, hidden-mode shift, and tail-risk planning failures.",Generic world models and generic uncertainty are crowded.,Failure predictive morphology keeps action-critical alternatives explicit until a physical observation collapses them.
78,doi:10.1109/lra.2020.2964159,Online Trajectory Generation With Distributed Model Predictive Control for Multi-Robot Motion Planning,2020,IEEE Robotics and Automation Letters,https://doi.org/10.1109/lra.2020.2964159,Addresses robot morphology and learning or a neighboring robotics mechanism.,"Prior work usually predicts, ranks, filters, or imitates observed behavior rather than preserving unrealized branches.",The observed outcome is enough to supervise the model.,"Contact mode support, embodiment limits, and deployment perturbations.","Branch collapse, hidden-mode shift, and tail-risk planning failures.",Generic world models and generic uncertainty are crowded.,Failure predictive morphology keeps action-critical alternatives explicit until a physical observation collapses them.
79,doi:10.4018/979-8-3373-4571-0.ch008,Neural Networks in Predictive Analytics for the IIoT Systems,2025,Advances in Computational Intelligence and Robotics Applied Neural Networks in the AI Era,https://doi.org/10.4018/979-8-3373-4571-0.ch008,Addresses robot morphology and learning or a neighboring robotics mechanism.,"Prior work usually predicts, ranks, filters, or imitates observed behavior rather than preserving unrealized branches.",The observed outcome is enough to supervise the model.,"Contact mode support, embodiment limits, and deployment perturbations.","Branch collapse, hidden-mode shift, and tail-risk planning failures.",Generic world models and generic uncertainty are crowded.,Failure predictive morphology keeps action-critical alternatives explicit until a physical observation collapses them.
80,doi:10.1002/oca.2656,Learning‐based parametrized model predictive control for trajectory tracking,2020,Optimal Control Applications and Methods,https://doi.org/10.1002/oca.2656,Addresses robot morphology and learning or a neighboring robotics mechanism.,"Prior work usually predicts, ranks, filters, or imitates observed behavior rather than preserving unrealized branches.",The observed outcome is enough to supervise the model.,"Contact mode support, embodiment limits, and deployment perturbations.","Branch collapse, hidden-mode shift, and tail-risk planning failures.",Generic world models and generic uncertainty are crowded.,Failure predictive morphology keeps action-critical alternatives explicit until a physical observation collapses them.
81,doi:10.1007/s00345-023-04358-3,Development and validation of a predictive model for stone-free failure after extracorporeal shockwave lithotripsy in patients with ureteral stone in a large prospective cohort,2023,World Journal of Urology,https://doi.org/10.1007/s00345-023-04358-3,Addresses robot morphology and learning or a neighboring robotics mechanism.,"Prior work usually predicts, ranks, filters, or imitates observed behavior rather than preserving unrealized branches.",The observed outcome is enough to supervise the model.,"Contact mode support, embodiment limits, and deployment perturbations.","Branch collapse, hidden-mode shift, and tail-risk planning failures.",Generic world models and generic uncertainty are crowded.,Failure predictive morphology keeps action-critical alternatives explicit until a physical observation collapses them.
82,doi:10.23919/ccc55666.2022.9901659,Fault-Tolerant Model Predictive Control of a Quadrotor with an Unknown Complete Rotor Failure,2022,2022 41st Chinese Control Conference (CCC),https://doi.org/10.23919/ccc55666.2022.9901659,Addresses robot morphology and learning or a neighboring robotics mechanism.,"Prior work usually predicts, ranks, filters, or imitates observed behavior rather than preserving unrealized branches.",The observed outcome is enough to supervise the model.,"Contact mode support, embodiment limits, and deployment perturbations.","Branch collapse, hidden-mode shift, and tail-risk planning failures.",Generic world models and generic uncertainty are crowded.,Failure predictive morphology keeps action-critical alternatives explicit until a physical observation collapses them.
83,doi:10.1016/j.jprocont.2016.03.005,Stochastic linear Model Predictive Control with chance constraints – A review,2016,Journal of Process Control,https://doi.org/10.1016/j.jprocont.2016.03.005,Addresses robot morphology and learning or a neighboring robotics mechanism.,"Prior work usually predicts, ranks, filters, or imitates observed behavior rather than preserving unrealized branches.",The observed outcome is enough to supervise the model.,"Contact mode support, embodiment limits, and deployment perturbations.","Branch collapse, hidden-mode shift, and tail-risk planning failures.",Generic world models and generic uncertainty are crowded.,Failure predictive morphology keeps action-critical alternatives explicit until a physical observation collapses them.
84,doi:10.22541/au.167731929.92691723/v1,Stabilizing Model Predictive Control Synthesis using Integral Quadratic Constraints and Full-Block Multipliers*,,,https://doi.org/10.22541/au.167731929.92691723/v1,Addresses robot morphology and learning or a neighboring robotics mechanism.,"Prior work usually predicts, ranks, filters, or imitates observed behavior rather than preserving unrealized branches.",The observed outcome is enough to supervise the model.,"Contact mode support, embodiment limits, and deployment perturbations.","Branch collapse, hidden-mode shift, and tail-risk planning failures.",Generic world models and generic uncertainty are crowded.,Failure predictive morphology keeps action-critical alternatives explicit until a physical observation collapses them.
85,arxiv:2411.13983v4,Learning Two-agent Motion Planning Strategies from Generalized Nash Equilibrium for Model Predictive Control,2024,arXiv,http://arxiv.org/abs/2411.13983v4,Addresses robot morphology and learning or a neighboring robotics mechanism.,"Prior work usually predicts, ranks, filters, or imitates observed behavior rather than preserving unrealized branches.",The observed outcome is enough to supervise the model.,"Contact mode support, embodiment limits, and deployment perturbations.","Branch collapse, hidden-mode shift, and tail-risk planning failures.",Generic world models and generic uncertainty are crowded.,Failure predictive morphology keeps action-critical alternatives explicit until a physical observation collapses them.
86,doi:10.1109/tac.2026.3661789,"Certainty-Equivalence Model Predictive Control: Stability, Performance, and Beyond",2024,arXiv,http://arxiv.org/abs/2412.10625v3,Addresses robot morphology and learning or a neighboring robotics mechanism.,"Prior work usually predicts, ranks, filters, or imitates observed behavior rather than preserving unrealized branches.",The observed outcome is enough to supervise the model.,"Contact mode support, embodiment limits, and deployment perturbations.","Branch collapse, hidden-mode shift, and tail-risk planning failures.",Generic world models and generic uncertainty are crowded.,Failure predictive morphology keeps action-critical alternatives explicit until a physical observation collapses them.
87,doi:10.1109/tac.2020.2982585,A computationally efficient robust model predictive control framework for uncertain nonlinear systems -- extended version,2019,arXiv,http://arxiv.org/abs/1910.12081v2,Addresses robot morphology and learning or a neighboring robotics mechanism.,"Prior work usually predicts, ranks, filters, or imitates observed behavior rather than preserving unrealized branches.",The observed outcome is enough to supervise the model.,"Contact mode support, embodiment limits, and deployment perturbations.","Branch collapse, hidden-mode shift, and tail-risk planning failures.",Generic world models and generic uncertainty are crowded.,Failure predictive morphology keeps action-critical alternatives explicit until a physical observation collapses them.
88,doi:10.2139/ssrn.6770199,Human–Machine Shared Control Optimization base on Model Predictive Control Safety Layer and Deep Reinforcement Learning for Unknown Environments,,,https://doi.org/10.2139/ssrn.6770199,Addresses robot morphology and learning or a neighboring robotics mechanism.,"Prior work usually predicts, ranks, filters, or imitates observed behavior rather than preserving unrealized branches.",The observed outcome is enough to supervise the model.,"Contact mode support, embodiment limits, and deployment perturbations.","Branch collapse, hidden-mode shift, and tail-risk planning failures.",Generic world models and generic uncertainty are crowded.,Failure predictive morphology keeps action-critical alternatives explicit until a physical observation collapses them.
89,doi:10.3390/app15020854,Proposal for a Sustainable Model for Integrating Robotic Process Automation and Machine Learning in Failure Prediction and Operational Efficiency in Predictive Maintenance,2025,Applied Sciences,https://doi.org/10.3390/app15020854,Addresses robot morphology and learning or a neighboring robotics mechanism.,"Prior work usually predicts, ranks, filters, or imitates observed behavior rather than preserving unrealized branches.",The observed outcome is enough to supervise the model.,"Contact mode support, embodiment limits, and deployment perturbations.","Branch collapse, hidden-mode shift, and tail-risk planning failures.",Generic world models and generic uncertainty are crowded.,Failure predictive morphology keeps action-critical alternatives explicit until a physical observation collapses them.
90,doi:10.1080/0886022x.2024.2324071,Machine learning model and nomogram to predict the risk of heart failure hospitalization in peritoneal dialysis patients,2024,Renal Failure,https://doi.org/10.1080/0886022x.2024.2324071,Addresses robot morphology and learning or a neighboring robotics mechanism.,"Prior work usually predicts, ranks, filters, or imitates observed behavior rather than preserving unrealized branches.",The observed outcome is enough to supervise the model.,"Contact mode support, embodiment limits, and deployment perturbations.","Branch collapse, hidden-mode shift, and tail-risk planning failures.",Generic world models and generic uncertainty are crowded.,Failure predictive morphology keeps action-critical alternatives explicit until a physical observation collapses them.
91,doi:10.3390/robotics8010017,Cable Failure Operation Strategy for a Rehabilitation Cable-Driven Robot,2019,Robotics,https://doi.org/10.3390/robotics8010017,Addresses robot morphology and learning or a neighboring robotics mechanism.,"Prior work usually predicts, ranks, filters, or imitates observed behavior rather than preserving unrealized branches.",The observed outcome is enough to supervise the model.,"Contact mode support, embodiment limits, and deployment perturbations.","Branch collapse, hidden-mode shift, and tail-risk planning failures.",Generic world models and generic uncertainty are crowded.,Failure predictive morphology keeps action-critical alternatives explicit until a physical observation collapses them.
92,doi:10.1109/tcst.2019.2939248,A Robust Predictive Control Approach for Underwater Robotic Vehicles,2019,IEEE Transactions on Control Systems Technology,https://doi.org/10.1109/tcst.2019.2939248,Addresses robot morphology and learning or a neighboring robotics mechanism.,"Prior work usually predicts, ranks, filters, or imitates observed behavior rather than preserving unrealized branches.",The observed outcome is enough to supervise the model.,"Contact mode support, embodiment limits, and deployment perturbations.","Branch collapse, hidden-mode shift, and tail-risk planning failures.",Generic world models and generic uncertainty are crowded.,Failure predictive morphology keeps action-critical alternatives explicit until a physical observation collapses them.
93,doi:10.1016/j.robot.2026.105543,Trajectory tracking control for 6WID/4WIS UGV via nonlinear sliding mode-model predictive control with adaptive following steering and dynamic-static constraints,2026,Robotics and Autonomous Systems,https://doi.org/10.1016/j.robot.2026.105543,Addresses robot morphology and learning or a neighboring robotics mechanism.,"Prior work usually predicts, ranks, filters, or imitates observed behavior rather than preserving unrealized branches.",The observed outcome is enough to supervise the model.,"Contact mode support, embodiment limits, and deployment perturbations.","Branch collapse, hidden-mode shift, and tail-risk planning failures.",Generic world models and generic uncertainty are crowded.,Failure predictive morphology keeps action-critical alternatives explicit until a physical observation collapses them.
94,arxiv:2512.01946v3,Scaling Cross-Environment Failure Reasoning Data for Vision-Language Robotic Manipulation,2025,arXiv,http://arxiv.org/abs/2512.01946v3,Addresses robot morphology and learning or a neighboring robotics mechanism.,"Prior work usually predicts, ranks, filters, or imitates observed behavior rather than preserving unrealized branches.",The observed outcome is enough to supervise the model.,"Contact mode support, embodiment limits, and deployment perturbations.","Branch collapse, hidden-mode shift, and tail-risk planning failures.",Generic world models and generic uncertainty are crowded.,Failure predictive morphology keeps action-critical alternatives explicit until a physical observation collapses them.
95,doi:10.1049/cth2.12553,Lattice piecewise affine approximation of explicit nonlinear model predictive control with application to trajectory tracking of mobile robot,2024,IET Control Theory & Applications,https://doi.org/10.1049/cth2.12553,Addresses robot morphology and learning or a neighboring robotics mechanism.,"Prior work usually predicts, ranks, filters, or imitates observed behavior rather than preserving unrealized branches.",The observed outcome is enough to supervise the model.,"Contact mode support, embodiment limits, and deployment perturbations.","Branch collapse, hidden-mode shift, and tail-risk planning failures.",Generic world models and generic uncertainty are crowded.,Failure predictive morphology keeps action-critical alternatives explicit until a physical observation collapses them.
96,doi:10.1109/lra.2022.3156648,Interactive Multi-Modal Motion Planning With Branch Model Predictive Control,2022,IEEE Robotics and Automation Letters,https://doi.org/10.1109/lra.2022.3156648,Addresses robot morphology and learning or a neighboring robotics mechanism.,"Prior work usually predicts, ranks, filters, or imitates observed behavior rather than preserving unrealized branches.",The observed outcome is enough to supervise the model.,"Contact mode support, embodiment limits, and deployment perturbations.","Branch collapse, hidden-mode shift, and tail-risk planning failures.",Generic world models and generic uncertainty are crowded.,Failure predictive morphology keeps action-critical alternatives explicit until a physical observation collapses them.
97,doi:10.1016/j.probengmech.2022.103381,Developing region-specific fragility function for predicting probability of liquefaction induced ground failure,2023,Probabilistic Engineering Mechanics,https://doi.org/10.1016/j.probengmech.2022.103381,Addresses robot morphology and learning or a neighboring robotics mechanism.,"Prior work usually predicts, ranks, filters, or imitates observed behavior rather than preserving unrealized branches.",The observed outcome is enough to supervise the model.,"Contact mode support, embodiment limits, and deployment perturbations.","Branch collapse, hidden-mode shift, and tail-risk planning failures.",Generic world models and generic uncertainty are crowded.,Failure predictive morphology keeps action-critical alternatives explicit until a physical observation collapses them.
98,doi:10.24425/acs.2022.141714,Maximizing performance of linear model predictive control of glycemia for T1DM subjects,2022,Archives of Control Sciences,https://doi.org/10.24425/acs.2022.141714,Addresses robot morphology and learning or a neighboring robotics mechanism.,"Prior work usually predicts, ranks, filters, or imitates observed behavior rather than preserving unrealized branches.",The observed outcome is enough to supervise the model.,"Contact mode support, embodiment limits, and deployment perturbations.","Branch collapse, hidden-mode shift, and tail-risk planning failures.",Generic world models and generic uncertainty are crowded.,Failure predictive morphology keeps action-critical alternatives explicit until a physical observation collapses them.
99,doi:10.3390/drones8090493,Multi-Robot Path Planning Algorithm for Collaborative Mapping under Communication Constraints,2024,Drones,https://doi.org/10.3390/drones8090493,Addresses robot morphology and learning or a neighboring robotics mechanism.,"Prior work usually predicts, ranks, filters, or imitates observed behavior rather than preserving unrealized branches.",The observed outcome is enough to supervise the model.,"Contact mode support, embodiment limits, and deployment perturbations.","Branch collapse, hidden-mode shift, and tail-risk planning failures.",Generic world models and generic uncertainty are crowded.,Failure predictive morphology keeps action-critical alternatives explicit until a physical observation collapses them.
100,arxiv:2604.24706v1,Exploiting Differential Flatness for Efficient Learning-based Model Predictive Control of Constrained Multi-Input Control Affine Systems,2026,arXiv,http://arxiv.org/abs/2604.24706v1,Addresses robot morphology and learning or a neighboring robotics mechanism.,"Prior work usually predicts, ranks, filters, or imitates observed behavior rather than preserving unrealized branches.",The observed outcome is enough to supervise the model.,"Contact mode support, embodiment limits, and deployment perturbations.","Branch collapse, hidden-mode shift, and tail-risk planning failures.",Generic world models and generic uncertainty are crowded.,Failure predictive morphology keeps action-critical alternatives explicit until a physical observation collapses them.
